0,-0.867047759289337,1.516307253562938,1
1,-0.9888372965647503,1.6040121180753486,1
2,-0.9220878146211909,-0.2890325014558188,0
3,-0.3896138063598634,0.6441428812180674,1
4,-0.24191727968938842,0.6676174738072101,1
5,1.152196289165441,-0.7536475294359378,2
6,-1.0644037672082256,0.40866104859915175,0
7,-1.8011474969765164,1.484114544206163,0
8,-0.3231360914330795,-0.5860922171902959,0
9,0.9667432610954462,0.035152075615335364,2
10,2.3244462967170567,-2.335648148688831,2
11,1.1972021982083465,-1.0359537468242621,2
12,-0.7386086265648311,0.07614221230741948,0
13,1.247870036354015,-0.781312820541406,2
14,-0.9086082279609438,0.37355169843729774,0
15,0.3447890958900678,-0.3322493529129731,1
16,1.320014239343865,-0.7145530261029962,2
17,1.3302272861137003,-1.3211402569191706,2
18,-0.7815571978418397,0.058430237970865655,0
19,-0.36208611822340314,-0.2610366898903568,0
20,-0.7443510445852645,-0.1622671330813926,0
21,1.5186139387364843,-1.3770899435931194,2
22,-0.9173435860567545,0.33334447303631765,0
23,-0.30018674597107964,0.7133293655946231,1
24,-0.22173765703112475,-0.9600923558486508,0
25,-0.7257194142177841,1.2623560097224946,1
26,1.9553567339952687,-2.0543044712570016,2
27,-0.3350126796896803,0.6989267748376415,1
28,1.4751306870130227,-1.4551504190299218,2
29,-0.45557568849072205,-0.658487713230259,0
30,-0.5814982406212601,0.8298654144953885,1
31,-0.7102036870986883,-0.29928054310511576,0
32,-0.6683331632078592,1.0101201444950845,1
33,1.6635118964694102,-1.2430522064296725,2
34,1.4403526970088527,-1.2280514026009102,2
35,1.4086419283317881,-1.0014523044618575,2
36,1.510281388560128,-1.5791836838600473,2
37,-0.6302400075043038,1.143133085272219,1
38,1.1824712267575956,-0.8701218834054633,2
39,-1.013128569419616,0.5411650451810076,0
40,-1.414238818074349,0.8417373217193629,0
41,-0.6474849655128347,0.008131196955662022,0
42,-0.5634185997612301,0.7605167887819406,1
43,-0.7997104422644922,1.2128585001647147,1
44,1.160713353993276,-0.5142065209591832,2
45,-0.4518948043901634,-0.41868635242744834,0
46,0.9053468869625374,-0.44286498297361593,2
47,-1.0619716049769075,0.17088483155863693,0
48,-0.5412181984206293,0.761495305487346,1
49,-0.07047030212917994,-0.015285869042127101,1
50,-0.03632844173275257,0.26000716812801483,1
51,-0.622819923051451,1.2326117075203942,1
52,-0.7417077620242507,0.13432579975137146,0
53,-0.9559426086447251,0.09170508600380388,0
54,-0.9794700895042016,1.911434818299534,1
55,1.259424567556286,-1.029285168269858,2
56,-0.6145405988892733,-0.1996257896962479,0
57,-0.981519076702462,1.8023602262878853,1
58,-0.22681333973923876,0.4218573311480034,1
59,-0.8588720153562722,1.1861965693831762,1
60,-0.2672543261307521,0.5761739950180969,1
61,-1.1225746053392027,0.4299766972165217,0
62,-0.3155181152556265,1.162418318619483,1
63,1.740052454292186,-1.4893235915665153,2
64,-0.2761149273237608,0.7814488701294379,1
65,-0.5497525665417571,1.0421061183934717,1
66,-0.7240243906400993,-0.10257787557884525,0
67,1.3432309270117453,-0.8442715701230727,2
68,-0.7195384229659506,1.0779453375417147,1
69,-0.3352543559667648,0.9816444895071321,1
70,-0.47311759235970197,0.8172706149256433,1
71,-0.8069841123674778,1.2281165420203028,1
72,-0.6682847095793563,1.2176286140025971,1
73,1.617049387613737,-1.5885755391489218,2
74,-0.6417452924876199,-0.09956106173569769,0
75,-0.2625427548426227,0.8370743121533741,1
76,-0.41449332450786364,1.0390980612229042,1
77,0.5973220686874127,0.18599274566792945,2
78,1.3998116580667663,-0.9454546386911312,2
79,-0.5497791236875134,1.04373049173878,1
80,-0.7027019418494422,-0.09027935690143168,0
81,-1.260300957563229,0.9821221377372099,0
82,-0.30189851387501215,0.411485866192851,1
83,0.9685588978184949,-0.47013133218790465,2
84,-0.8812793162315588,0.3406953527438519,0
85,1.3049289724165338,-1.0803469316686007,2
86,1.5858392735027633,-1.2512017981632082,2
87,-0.8291813213225507,-0.02362874623153327,0
88,-1.279612942548654,1.0374111896171319,0
89,-1.112719337903769,0.6188214084122831,0
90,2.097264335325952,-2.4499731993753295,2
91,-1.3540648723728215,2.1900432565270913,1
92,1.3616849861446811,-1.0801448195795484,2
93,1.101115388323603,-0.41167338356108424,2
94,-0.9296209622770867,1.4709222913423061,1
95,-1.1710343855800522,1.8320700883322076,1
96,1.5831756105386292,-1.329710024695426,2
97,-0.32728970185105977,0.898540214864821,1
98,-0.3200556569522648,0.667441533206414,1
99,-1.3876877554405878,1.08080613622815,0
100,1.2552488717809716,-0.8710165446725839,2
101,-0.08482444280825227,-0.8345428377342539,0
102,-1.1129462255741958,0.4031539388153312,0
103,-0.5350304660376433,1.1221934332078245,1
104,-0.7330120285075573,-0.3650379352777818,0
105,1.0493339817244158,-0.8225452381860547,2
106,-0.68619577342055,1.7153514230023674,1
107,1.354569411895394,-1.1782113320995435,2
108,-0.5590630223650979,-0.45095697261111234,0
109,-0.4443671698895058,0.6893737618210118,1
110,0.9407234263905488,-0.5409161509478531,2
111,-1.1508267329106232,0.3302712239177401,0
112,-0.6620603201340697,-0.24043249657100102,0
113,-0.6067463538539907,-0.46336309160408945,0
114,0.8513036130119457,-0.0496014966289277,2
115,0.17679827293263034,-0.04662164221033425,1
116,1.231035231166565,-0.9314808403927913,2
117,-0.9232317759066907,1.8829235206312644,1
118,-0.4503854734983064,0.940612119286829,1
119,-1.3795158480714333,1.0457497071520558,0
120,1.2522865054389583,-0.9307706495678268,2
121,-1.1115866440401188,2.0835719040568486,1
122,1.1516758129295284,-0.5411664105759696,2
123,-0.34429150587967905,-0.4991279856920887,0
124,-0.1695121946696775,0.3125223134026215,1
125,1.4717784720300584,-1.1101447189108473,2
126,-1.0301763597530564,2.0264823112048878,1
127,-0.23301350503908536,0.4016364293137589,1
128,1.7918741052328457,-1.6652239657502288,2
129,-1.3416599148253097,0.7879635765375468,0
130,-0.717984605692586,-0.3364734504040988,0
131,1.7707765661174937,-1.9764021426374487,2
132,-0.07293512715743887,-1.4356316601867376,0
133,0.9837822464554294,-0.4321841856005104,2
134,-0.19042488659373738,0.6709299766137303,1
135,-0.736407341076313,1.4082411172412228,1
136,-0.789394865690294,0.24354722003898455,0
137,1.5063526621355827,-1.2863957924706877,2
138,0.9419468501754925,-0.44227353510274264,2
139,-0.814995939405729,1.2957665735305504,1
140,-0.8772446988693844,1.6581728501816357,1
141,-0.7215001436448907,1.4994039714915304,1
142,-0.6636271730083252,0.9951541481622661,1
143,0.9435722701213857,-0.18012768194460846,2
144,-0.13741341720196676,0.3174541060077492,1
145,-0.9301534779981651,0.5064976427999507,0
146,1.747714777009047,-1.8493749788380105,2
147,-0.49680630042267476,1.0354516358975054,1
148,-0.6985870753189087,-0.3287814252003482,0
149,1.1923080326142845,-0.9765639286528691,2
150,-0.0779820544984123,0.0691085472993383,1
151,-0.0710114724867025,0.24326232543859075,1
152,1.6400877988151348,-1.5676509389531808,2
153,-0.8894848484706963,0.2217689950488215,0
154,1.868018299531843,-1.7436523500129135,2
155,1.6315643547716405,-1.4870624783128013,2
156,-0.773847001970783,0.10112849015625905,0
157,1.6966026976574817,-1.6281536548156883,2
158,-0.5541407134766659,-0.2853244556468135,0
159,1.8654285570282063,-1.7870470174416306,2
160,1.5611793381547336,-1.3515506851227042,2
161,1.4749157956641186,-1.5152108285915544,2
162,1.3703384181568676,-1.3530691065989724,2
163,1.1728062192826312,-0.8015452654674727,2
164,-1.5982539392458157,1.2764783047821096,0
165,-0.6221482110160544,-0.17327651281020823,0
166,-0.29066705465283044,0.9311493286895739,1
167,-0.3948029651040235,-0.952446862726685,0
168,-0.7834477153779391,0.18069096246128924,0
169,-0.8830868369736646,1.5145668857153374,1
170,-1.4054403931153348,1.1384353318093026,0
171,-0.5752640038740408,0.12932125345650786,0
172,-0.14457007616871143,0.33733802053396766,1
173,1.2701600290867434,-0.7818430715334426,2
174,-0.26205754951941934,0.6628588568086851,1
175,1.322593431790516,-1.0721134597224649,2
176,-0.6567776739376716,-0.07612932480399003,0
177,-0.5030208307870501,1.0730861570658112,1
178,-0.5921142298210683,0.9485310003231303,1
179,-0.706659723340376,1.2251028165135605,1
180,-1.3938103266222797,1.8244270616486096,1
181,-0.7559707486981394,-0.15610506014953085,0
182,1.0824545363313245,-0.6666883091766395,2
183,-0.17240420876207696,0.4280934641873581,1
184,-1.0564146144393591,1.6778913720625197,1
185,-0.970227775868152,1.5201808583836343,1
186,-0.31433687914672903,-0.6476063220781916,0
187,-1.230521380408578,2.008792442900278,1
188,-0.176730710191854,0.7386900301431247,1
189,0.050805907871825616,0.14937348988934407,1
190,1.5971653135535724,-1.4600959073710977,2
191,-0.4702281670567355,0.9818806220544237,1
192,-0.6138756646627622,-0.07737587304535573,0
193,-0.45606188610381937,1.2281186865711957,1
194,1.4776079593291467,-1.3474904324378572,2
195,-0.48767048900598065,-0.42025882330828085,0
196,1.4477027155667546,-1.481864194173584,2
197,-0.7020226912689207,1.3014212523695885,1
198,-1.0925971131050694,0.2471535029413451,0
199,1.1964977030306545,-0.919525718526479,2
200,-0.7651820830453132,0.31765343906472093,0
201,1.4662356750773273,-1.4028026481848974,2
202,-1.3500765114799471,1.966398053724923,1
203,-0.476781454200747,-0.4643756927930102,0
204,-0.5205263486566634,-0.20781281778363875,0
205,0.787092625726573,-0.07169976603483902,2
206,-0.9161407120566849,1.5526761383949932,1
207,-0.6608376657379187,-0.11383961566566103,0
208,-1.2378905563640759,0.4255046711522561,0
209,-0.47048763794547305,1.0933911232978102,1
210,1.6497954056703936,-1.373373058022376,2
211,0.9945881519866541,-0.5040678135842452,2
212,-0.7465097525052135,1.0865011339082664,1
213,-0.9315542711579289,0.2459849630147763,0
214,1.1432838286277136,-0.5360063661899347,2
215,-0.8586306364502019,1.5259726896973718,1
216,-0.9776981346948453,1.8557232362359926,1
217,-0.9213875040370513,1.4847441340110346,1
218,-0.5444825635026617,-0.087525556856794,0
219,-0.4289712512600054,0.46748052070257323,1
220,1.1418484893416594,-0.7060414817035288,2
221,1.417092172766228,-1.2803874779308606,2
222,-0.4616249990082408,-0.679159599559866,0
223,1.378704022130842,-1.094465708220526,2
224,0.9797682421006808,-0.4940796766170415,2
225,-0.05459210445733992,0.4311041054857435,1
226,1.2867709209819276,-1.0009892359785761,2
227,-0.8428410833809568,0.23962638256696583,0
228,1.146066963610577,-0.711399106435363,2
229,1.8141720774933547,-2.2159948686281514,2
230,-0.5935427307424321,0.8077208015270317,1
231,-0.7051383840146974,1.5301785810238657,1
232,0.8900514595734119,-0.7037210936051012,2
233,-0.43785036137591216,0.7250054119352994,1
234,-0.15644479120051769,0.5735856093775387,1
235,-0.1681811982169006,0.28550941738535773,1
236,-0.6128259345891637,-0.4284383294989271,0
237,-0.4639859179309305,-0.42429299219061006,0
238,1.3517034888448658,-1.0371135187623284,2
239,-0.8889266682827783,1.6447400376411792,1
240,1.2474778815162184,-0.7688355903579251,2
241,-0.3514113235181147,0.8872803176060344,1
242,-0.19308296911601516,0.40043296013749025,1
243,-0.8502870208191164,-0.04515104045131703,0
244,-0.7588812507142462,-0.09610259386446308,0
245,1.4716783860716867,-0.8567134443337341,2
246,1.2685028998755403,-0.9777491211803201,2
247,-0.986978924179786,0.14899261162094515,0
248,-0.7735242239618058,1.608928049673328,1
249,1.2150711320770098,-0.8827134218404267,2
250,-0.7968317735921899,-0.2160176637162846,0
251,-0.8181145175490314,-0.32660603619554,0
252,-0.7859775412529999,0.19111943048046226,0
253,-0.6812832227020079,-0.2746508574185129,0
254,-0.4707640702176522,-0.5997220210401155,0
255,-0.5674256947939754,-0.6902952359676983,0
256,-0.30678831894567954,-0.6958858043157563,0
257,-0.4578236500688986,0.8791495299362357,1
258,1.2776574830816758,-1.284384480613565,2
259,-0.6898153076652137,1.076113321760536,1
260,-0.4889588569586283,-0.3124691213014818,0
261,-0.32776900413210264,0.7076885863807616,1
262,-0.20248896031869276,-0.9739467640437453,0
263,1.1799446231431003,-0.5722715483719694,2
264,-0.36281681418545036,-0.5262806741215785,0
265,1.2056047559697853,-0.9730604435105361,2
266,-0.43823665273903717,-0.7591972803587794,0
267,-0.09900922514500522,-0.8087065518043649,0
268,-0.3054134627474213,0.8569885569617149,1
269,-0.14313190937534925,0.28231025749271366,1
270,-0.8426389532945926,0.026082506206980268,0
271,0.9774877655569079,-0.4566572935546393,2
272,-0.776495255926432,-0.2894553450554464,0
273,1.462537338890556,-1.2231984193707974,2
274,1.5568040578007862,-1.1277058106259363,2
275,-0.6664675500631941,0.9972091551645399,1
276,-0.4385803475064998,0.8527255812943252,1
277,-1.2042394357609738,0.5695894577411358,0
278,-0.26614166225248626,-0.5979638044321134,0
279,-0.868253795693568,1.2377943138942216,1
280,-1.0299999563846958,0.07575150817471295,0
281,-0.7151591119432704,-0.149060618058553,0
282,-0.3859579112944906,-0.3948843004247101,0
283,-0.7877032071009351,1.7273063312514927,1
284,-0.6159132461434577,1.1581958208744951,1
285,0.8813795432188907,-0.5840627378581157,2
286,-0.5816912810856388,0.8810289702682549,1
287,-0.3569163576779502,0.8345602302273236,1
288,-0.30168353211874555,-0.7375268671800291,0
289,-0.45416976794725616,-0.2764034036773391,0
290,-0.012647863781239617,-0.19064854067292064,1
291,-0.49976647167671534,-0.3227879685885166,0
292,1.600869788220207,-1.1103065229638909,2
293,-0.8225586008243108,1.595084321174842,1
294,-0.42337711404550277,0.7924515629114983,1
295,-1.0437024891067832,0.3657044059133105,0
296,-0.5819577436215853,-0.0393889565881925,0
297,-0.8376578024867296,1.356999025332066,1
298,1.2038731718231095,-0.7496614925726569,2
299,-0.8014887849711216,0.4133339367436964,0
300,0.7031215358378253,-0.05362757231143993,2
301,-0.5833926903515276,1.1181179095348908,1
302,1.1366235660322042,-0.7886384746723872,2
303,-1.085815832659342,1.8437592694763008,1
304,-0.7484810671115082,1.2906208473813914,1
305,-0.8976553021424278,0.3623421930193188,0
306,-0.22554329641708368,-0.7380311095296446,0
307,1.4378071068940392,-0.9192149038299579,2
308,-1.0576686292947892,0.20539783553324287,0
309,1.5626636180922409,-1.5820115098293404,2
310,0.15530561071671034,-0.09199749525476039,1
311,2.4350804580896064,-2.8166186808318607,2
312,-0.2858747731808816,-0.741598647327808,0
313,-0.8517484104153886,1.6372416065890132,1
314,1.3050892503538198,-1.1091013338121496,2
315,1.2976213749020864,-1.076469039118593,2
316,-0.9656401984921412,0.4531844239154691,0
317,1.518172016925151,-1.4473673645181653,2
318,1.4911748319991645,-1.3887266256770148,2
319,1.419263845509093,-1.2828390782097232,2
320,-0.8818083017079565,0.1332889222591072,0
321,-0.527308084208875,1.2346586952779928,1
322,1.8139320902337492,-1.8190023641826358,2
323,-0.18822682885636258,-1.012979370490456,0
324,1.0041955661501163,-0.7708240915791448,2
325,0.7555065071964313,-0.0169385736633555,2
326,-0.18768406014654745,-0.8992194008589126,0
327,1.4907920825951528,-1.6621141813220075,2
328,-1.128276258057836,0.5696680970782597,0
329,-0.5567100407459913,-0.23228272413317164,0
330,0.7414918152794293,-0.17022879270139077,2
331,-0.2165229881674316,0.6660565195835692,1
332,-1.0298680383925032,0.4209787658832941,0
333,1.2518180050787477,-1.141819201505004,2
334,-0.9276083312561009,0.3057157333611905,0
335,1.5015444817794623,-1.198164674181949,2
336,-0.41675499170007485,0.6786933912809775,1
337,-0.3201543858916177,0.6309355823111867,1
338,1.4881113590323347,-1.9058400758169514,2
339,0.996551217473789,-0.7766280017276539,2
340,-0.39180190218578614,0.634089205912182,1
341,-0.527005379241243,-0.49172186785261895,0
342,-0.8465572740029927,0.15396830546608392,0
343,1.918670078729218,-1.8026177533989027,2
344,-1.2058016076019604,0.7965563318362708,0
345,-0.43113846745732154,-0.5756030742087078,0
346,-0.35072299931325984,-0.38261858392964754,0
347,-0.3949031042953483,-0.5515465992530199,0
348,-0.5239467352133924,-0.16687548429587667,0
349,-0.8488502567443108,1.6224141339133225,1
350,0.16533229263040436,0.03753866697873603,1
351,0.04974484415973622,-0.15694058676683245,1
352,0.08758148659950069,-0.03129048926661626,1
353,1.2669805299096817,-1.1903534472843031,2
354,-0.6067532173813752,1.1389118775625138,1
355,-1.0452641476439444,0.15849073551095638,0
356,1.4116180657660187,-1.2606270304247804,2
357,1.7780355533773151,-1.655621532383315,2
358,-1.0311950111267263,0.5980812092258917,0
359,-0.6812717026848244,1.3261469717924015,1
360,-0.6021771302727608,1.2081610399604408,1
361,-0.892347025247226,0.22015763638167493,0
362,-0.7890539646901519,-0.026521899836355195,0
363,-0.056766964121173207,-1.1722184840596166,0
364,-0.7893154723089341,1.2222503495133703,1
365,-0.611627197505811,1.3149395855942827,1
366,0.8968220283100508,-0.38860440724322287,2
367,-0.950521559399944,0.6226324887163042,0
368,1.4321931732883555,-1.1511990344685703,2
369,-0.8515463041186816,0.10678678692678902,0
370,-1.152479372374707,0.15397524557093753,0
371,-0.8559751140992525,0.15680018396374573,0
372,1.3975207197310477,-1.2884589892073488,2
373,1.0666008978235864,-0.711946616974215,2
374,-0.46980487485195643,1.047965855479387,1
375,0.7356478204352149,-0.12343055756825057,2
376,-0.3372800385194161,0.9436157750053603,1
377,0.8491487776964839,-0.16086336515537009,2
378,1.695944789840458,-1.7670990291441329,2
379,-1.3735013033457024,0.7966943323554138,0
380,0.920556322643212,-0.3645148704173481,2
381,-0.3917767108556043,-0.6957489189693082,0
382,1.425748732945509,-1.2348605776639747,2
383,1.3854129929996244,-1.1502225315071706,2
384,1.3326724559972978,-0.7062937310279683,2
385,1.1565762245315523,-1.0207792454379994,2
386,-0.54868868145067,0.9187393655225642,1
387,0.11025988443281899,-1.3472651870586363,0
388,-0.19300600282665967,0.4374791866555939,1
389,-0.7185880447633942,0.1300657667181909,0
390,-0.5509480705805483,-0.24310271593103103,0
391,-0.6834654341589478,1.0431107625925224,1
392,1.3724651308750981,-0.8768168479733084,2
393,-0.23162722889864443,-0.7207531615523466,0
394,-1.3147144894628502,0.9550920790200529,0
395,1.2414773713827658,-1.3262172071208873,2
396,2.002698599497197,-1.6899458733556412,2
397,1.053179229939068,-0.7794589977514965,2
398,-0.9583156966560267,1.4371276590987658,1
399,-0.6311968423177947,1.0465003549694643,1
400,-0.6736723633458342,-0.03233339018376442,0
401,-0.44452832583268737,-0.3217682314642756,0
402,-0.6792082849955712,0.015511460218887134,0
403,-0.02193031354396434,-1.426645952890363,0
404,1.12807118931986,-0.9216445190118862,2
405,-0.8300486748313632,0.032870846849705364,0
406,-0.6571871031744639,0.10222174557569882,0
407,-1.108670199443157,0.4058421424353151,0
408,-0.737864003393916,-0.23969907161926146,0
409,-1.0723529827342742,0.38804105763249264,0
410,0.861903227440616,-0.34925155760808185,2
411,-0.9725693194551902,0.19256721551489278,0
412,-1.1877294963220688,2.2165518061107354,1
413,-0.29817860760891995,0.4663609889885573,1
414,0.7861015615136517,-0.23404452253410513,2
415,-0.9139368153256291,0.14765265253020413,0
416,1.15165470298555,-0.8010766174359626,2
417,1.5073127618440934,-1.2054543583836062,2
418,-0.8255989419343523,1.2046160347843204,1
419,-1.2423283910729659,0.35243805113562393,0
420,-1.02362111139049,0.22156992193554828,0
421,0.7554806044803757,-0.09499915962963719,2
422,1.162096263068789,-1.1797827288829372,2
423,-0.6403160727270788,-0.12796355008348279,0
424,1.1179282085571232,-0.602090918799864,2
425,0.7264386566887298,0.07848811191151937,2
426,-0.4061426265138158,-0.33367866100312576,0
427,1.7933744338301454,-1.723000784599855,2
428,1.0251908654356419,-0.5190509775386053,2
429,-0.8066974943112468,1.459882029415753,1
430,-1.0007523182318319,1.6679901904429,1
431,-0.43490709444387277,0.6586543222102046,1
432,1.3190735435962706,-0.8048975170097725,2
433,-0.32582121380883977,-0.525535193117324,0
434,-0.32370638056913387,1.0357271228565734,1
435,1.728984663323795,-1.617377244424806,2
436,-0.8370160541328056,-0.1796844628492219,0
437,-0.7816344248407784,1.417772737001498,1
438,-0.9565208132716109,-0.019358687130361252,0
439,-0.7762172015533833,1.1158021917588825,1
440,0.7165327821552876,0.028229599804118214,2
441,-1.119203052355556,0.6553821995510765,0
442,-1.1370507609013336,0.6251401371231643,0
443,-0.9174305721897631,0.4118211224754375,0
444,0.15880424183673747,0.1385430131475001,1
445,-0.8440138043010141,1.6035072287774255,1
446,-0.8453998704545094,0.41010246620923485,0
447,1.1584269773416014,-0.7979187957654239,2
448,0.891791203880823,-0.28236876509229725,2
449,1.2969058940710494,-0.9616087016092116,2
450,-1.1978862935051962,1.9720521871150427,1
451,-0.47961336473315347,-0.6469054872499015,0
452,-0.7864704645765863,0.1847179533991273,0
453,-0.30843652609708244,-0.911890832938968,0
454,-0.7263362793192528,1.473707052744122,1
455,-0.2211731903903118,0.6194016699163535,1
456,1.3128553710425581,-0.8615922090053125,2
457,-1.1844787603380686,2.0671816705087935,1
458,1.7027801056240597,-1.4205690959527901,2
459,1.3572406667663741,-1.2497301384298802,2
460,1.5265617133912053,-1.5687931081999347,2
461,-0.3407406961525575,0.5088080280398433,1
462,-0.698783147315881,-0.017704806354667642,0
463,1.8542721434768727,-1.9102340132832258,2
464,-0.5983550003535609,-0.3305212838159307,0
465,-0.2510834547042252,0.44654262371498893,1
466,-0.3466288143582616,0.6557979249974976,1
467,0.6916440705893189,-0.2819009365145546,2
468,-0.6152016730811101,1.019371909126424,1
469,1.0864891754410413,-0.6644451816467009,2
470,0.9097763093026641,-0.819274592994917,2
471,1.2958079506944264,-0.8729190960028796,2
472,-0.7381868081984608,1.1211078287551532,1
473,-0.5841149252692207,-0.27253873058581146,0
474,-0.520775472614148,-0.5035826709337177,0
475,0.039586599845350505,0.10046357980229374,1
476,0.853007131269241,-0.06585614818578858,2
477,-0.7739745805628662,1.6045100248582358,1
478,1.744778500873828,-1.7688672706232988,2
479,-0.450265049912328,0.9321451677163037,1
480,-0.9508008095650887,1.833918348294214,1
481,-0.8499202512491528,0.17767414628660827,0
482,-0.587727606704257,1.041488354228269,1
483,-1.098661169846065,0.7344692700879103,0
484,-0.9115122262992065,1.4076160474316082,1
485,1.7833442841127445,-1.6683114281729736,2
486,-1.4338031953248989,0.911259698984367,0
487,-1.007322589807752,0.5638155129894834,0
488,-0.8497744578743063,-0.016968541290739318,0
489,-0.7203768958138188,1.363696720404777,1
490,-1.0718275814090974,0.25540936404431575,0
491,-0.4536133978305855,0.8484068761254384,1
492,-0.5825105058018707,-0.14993152512832436,0
493,-0.6436616403642936,-0.3880197098825698,0
494,-0.8178933131783491,-0.1162285249477142,0
495,1.0374768566875472,-0.3172652661160842,2
496,1.287796569285484,-0.8991752687166337,2
497,-0.49175333939352645,-0.3721463717133749,0
498,0.8510460408605057,-0.12455168550757106,2
499,2.0159925798488167,-2.1230824193550166,2
500,1.361765876022207,-1.4521758475332396,2
501,-0.07069258737752603,-0.716492935686483,0
502,-0.1488826206957084,-0.9013089625835352,0
503,-0.20736414962691896,-0.8183901075523908,0
504,-1.1598084422039157,0.7022077852287071,0
505,1.0023021094028184,-0.41745382856490443,2
506,-1.160523778313371,0.5321811858251123,0
507,-0.24097681582294153,0.46733973722764843,1
508,-0.7553222141595657,0.26270895138643957,0
509,1.2334215734329408,-0.8714479115390219,2
510,-0.33656580831460176,-0.6621311926656266,0
511,0.06187531274968117,0.017382573374837017,1
512,-0.17790855215677023,0.2795630895798614,1
513,-0.8952722266786163,0.40864390053931887,0
514,-1.2865864287697633,0.9927244573596139,0
515,-0.3866774456436753,0.5327180846041308,1
516,1.597944122375064,-1.5656850387765762,2
517,0.5338037680830449,0.22859126433476035,2
518,1.6335737826504277,-1.40793575583556,2
519,-0.3293891735552234,0.5450505159093643,1
520,-0.4328239927462077,-0.494345260722317,0
521,2.0326947229550716,-2.4898635674579026,2
522,1.2203340321650362,-1.169762850161912,2
523,-0.10654396381222665,0.3987930696307531,1
524,-1.0360999450676769,1.6491113910717137,1
525,-1.407832804870639,1.0012311338034838,0
526,-0.273681071483563,0.7886512172915747,1
527,1.6874286098131166,-1.2424266451096666,2
528,0.9548648232819898,-0.41122379574750156,2
529,-0.8209044452891663,1.326318799527371,1
530,0.7810133689502994,-0.009858083077318558,2
531,-1.0051620308958755,2.095322926268975,1
532,1.537306521815024,-1.76822880568386,2
533,1.321986248385389,-1.0438915452398418,2
534,-1.0191661135694987,0.016359441653838097,0
535,1.138128151576074,-0.6007322546294246,2
536,-0.7558705694509759,1.4629064800700247,1
537,1.2190585198431334,-0.7927920022432583,2
538,0.3699891770185102,-0.2618582528035669,1
539,1.2988193975984035,-0.9185584411236001,2
540,-1.008641989559355,1.4779181017922796,1
541,1.4285740135196492,-0.9765858348877737,2
542,-0.6015018067144794,1.648335441004944,1
543,0.055847300759643,-1.10594098363676,0
544,-0.5336308393710456,0.01532179978714077,0
545,1.1179062908324755,-0.9521432622734213,2
546,-0.3289549873836103,-0.4224217982666176,0
547,-0.34956373480196107,-0.5288522912898781,0
548,-1.169929115289137,0.5842284021600129,0
549,1.3756015443624305,-1.1828427399077532,2
550,0.247583916859458,0.05748183528152726,1
551,-0.8047594244508588,1.673484031689175,1
552,0.731329697173711,-0.04358363137301514,2
553,1.154084818672679,-0.6893106922273712,2
554,-0.8389478258876711,0.05250619398333213,0
555,-0.5954624215074018,-0.17916379446522407,0
556,-0.6378551956543418,0.8774598385858533,1
557,1.8658052651749601,-1.6147894813379986,2
558,-0.5892157973846242,1.1901615769196685,1
559,-0.5210606841006398,0.8575936366162987,1
560,-0.8656540929807254,-0.02926203257720683,0
561,-0.7001035235189416,1.2326944527628483,1
562,-1.2208529879749295,0.58741347722577,0
563,-1.162852092705551,1.8498746366913932,1
564,-0.345038510965552,-0.7908499541442395,0
565,1.3001509952141828,-0.7644907560665732,2
566,1.4854627012037387,-1.0156534294816597,2
567,1.6020788802329027,-1.0306409631344255,2
568,-0.7772855273571139,1.1607065222918858,1
569,-1.328694668745146,0.5814381157477655,0
570,1.4611312894490545,-1.3009772900276424,2
571,-0.8594593430620906,0.22052376822802697,0
572,1.0130576749334972,-0.46290079696598935,2
573,-0.7119464323238477,1.3637352603731507,1
574,-0.9849276652655138,1.8426786361561616,1
575,-1.0479764224106856,0.4442544080636809,0
576,-0.9006739036003494,1.266615842361787,1
577,-0.9600686406462347,1.6655313215939445,1
578,1.6028860787008954,-1.320466719723953,2
579,-1.1439317669039424,0.7886354216371424,0
580,-0.474314553248277,-0.322990140914754,0
581,0.870412856178795,-0.19311113576076247,2
582,-1.2953201971271353,0.3313808822198768,0
583,-0.7308994673577444,1.2950144301376298,1
584,-0.5449268865088518,-0.4075981750905234,0
585,-0.11163620809667375,0.8755218561674427,1
586,-0.5087989264926447,0.018474334660981518,0
587,-0.7644945627573202,1.512098220814261,1
588,1.4392037341759518,-1.1236756616258048,2
589,-0.3855862251134386,-0.6056211074775387,0
590,-0.54014075352029,-0.38612382419466745,0
591,-0.4912173449315977,0.9328614712329917,1
592,-0.43821102674964296,0.6879524340963851,1
593,-1.0783361224166212,0.5768264041600208,0
594,1.4262617696383617,-1.2038075320161743,2
595,-0.7261241491945908,0.11807128194648363,0
596,-0.4856810403771378,0.9381703570238418,1
597,1.0337731086757747,-0.4698672936658022,2
598,-0.7067868290275378,1.4494305131413263,1
599,-0.4293318081822016,-0.21960023835034242,0
600,1.4746127229717283,-1.5570334734292604,2
601,-0.38516678912114566,0.5307147949191239,1
602,-0.49078983958063743,-0.3921782839547004,0
603,1.7321285865891005,-1.7196591982923832,2
604,-0.4879830796316922,-0.13400479542825558,0
605,-0.2024647780249138,0.6360055281196004,1
606,0.8789794172954537,-0.5245825041703154,2
607,1.0031922854164579,-0.8167084065843966,2
608,1.97780151534934,-1.8386059283978686,2
609,1.229124055655111,-1.1010644363686906,2
610,1.003521982381204,-0.6340401879592787,2
611,-0.3379983630336249,-0.5275926661076222,0
612,1.2737460114586117,-0.9541257276158503,2
613,-0.6108995421056188,-0.27195393674649526,0
614,0.47678491882743146,0.10645850801548178,2
615,-0.5503833874962584,-0.3805706544617302,0
616,2.1171947685136066,-2.366189795021031,2
617,-0.3780976812436169,0.6068424954113626,1
618,-1.0821183625599278,1.746196407260223,1
619,1.8119193227591899,-1.8889343162915768,2
620,1.54769461651194,-1.3267379748654158,2
621,-0.8309053398215377,1.0224940201492205,1
622,-1.007078963227907,1.471166135888678,1
623,-1.3791821069814203,0.7845292412684404,0
624,0.9969660234718646,-0.7438439068959339,2
625,-0.9184932507098839,1.4996087097984,1
626,-1.678929983550375,1.306351644408462,0
627,-0.8035929360361841,0.35897041782523337,0
628,-0.21163080345262958,-0.3043454209727018,0
629,-0.38837831343236445,-0.8040552768047542,0
630,-0.76936805053416,0.005162332130465295,0
631,0.8718184092638275,-0.3414903858200853,2
632,-1.0451045881587453,1.4679756673346187,1
633,-0.6875769983952384,1.1375419146585843,1
634,2.051036232648722,-1.943057914586549,2
635,0.1344375227923074,-0.2619223731857005,1
636,1.6610146608087906,-1.6335716200676011,2
637,-0.672794105761269,0.11488439151087422,0
638,-0.5317722721148472,0.9578735334295059,1
639,-0.07623448405761964,0.2119650823778498,1
640,0.5820821901937511,-0.30309581813498093,2
641,-0.30975974690795005,0.6195190278135889,1
642,-1.1437738334105871,2.029371269199087,1
643,-0.32066128282821094,0.5303616595896047,1
644,-0.044628943627568224,0.16244377454980016,1
645,0.02623711350689299,-1.3392530047644648,0
646,-1.0449159852761711,1.8683657655348713,1
647,-0.3384418965994624,0.6104218226364474,1
648,1.478418072796355,-0.9881283580262019,2
649,-1.700192789713416,1.2251368395355482,0
650,1.6114640834545453,-1.1300277483213224,2
651,-0.5869279114555107,-0.374199166337462,0
652,1.2646881647655244,-1.0654183087534337,2
653,-0.659247488602993,1.3752466504934553,1
654,-0.8583454033222726,-0.07730437305723696,0
655,-0.7848532586706987,0.05002578202356943,0
656,-0.9910586572841651,1.4498924869145304,1
657,-0.7124336736516935,1.3176134864280686,1
658,-1.2390720764663443,0.4881576306496444,0
659,0.6158563997481947,-0.14678877483230432,2
660,1.5325260444329991,-1.5930362841653798,2
661,1.469414911683259,-1.3030294270659668,2
662,-0.4992083678509275,-0.3139609901662052,0
663,-0.20538370279639673,0.3563617043092053,1
664,-1.5441033089587681,1.1324422938737984,0
665,1.6304910188269062,-1.3334336534929687,2
666,-1.0953134042712167,1.922424250463767,1
667,-0.3780989042903046,-0.638634069139159,0
668,-1.0251517949604934,0.502098424859792,0
669,-0.6498159005693338,1.298616522803977,1
670,-0.9386824364996006,1.307055567757019,1
671,0.08360377550372074,-0.1517562440443297,1
672,-0.498887308991233,1.0634397612973354,1
673,-0.6083417800866868,1.1645075901579671,1
674,1.3287604290968058,-1.371907602415589,2
675,-1.5133448379498127,2.47755645654647,1
676,1.8931042078741804,-1.813020438440363,2
677,-0.8716073293188104,1.3017965164266254,1
678,-0.9126274736458725,1.5285495380345788,1
679,-1.416056803545326,0.7782072194615103,0
680,-0.277754454219236,0.5274015637012396,1
681,1.1483975195143554,-0.928684994140303,2
682,-1.2593896778192117,2.250551334875586,1
683,1.4039670474064543,-1.1608527856678312,2
684,1.0301711306268866,-0.7372176007649818,2
685,-0.5763294467839677,-0.1656227473504035,0
686,0.7887638643629009,-0.07292598711163378,2
687,-0.09315508584104176,-0.9899495385420362,0
688,-1.1527754726434347,1.7863659989276464,1
689,-0.022720024874136262,-0.9945821063431056,0
690,1.7987839912266028,-1.4586704558837846,2
691,1.3207520798489403,-0.9682785844357821,2
692,-0.2642652294861232,-0.759330903419171,0
693,-0.2454639256365813,0.6130791912900078,1
694,1.4812290161187254,-0.974265031064697,2
695,-1.195920377216179,0.66818345916044,0
696,-1.2569944204988812,0.5873748084605471,0
697,-0.6247467965926949,-0.15579218500849082,0
698,-0.6442674747671889,1.1708857732399227,1
699,-1.0655749936436871,0.47894587757708923,0
700,1.0505680739322834,-0.28803504706281485,2
701,-0.635444001654734,1.253376922771284,1
702,1.3078599737690644,-0.8771041919817125,2
703,-0.9603219023770824,0.32422358442941185,0
704,1.3479889962270104,-1.0807491126085707,2
705,-1.3919352648601337,1.0177711758567076,0
706,-0.8339474213497495,0.11578663508999049,0
707,-0.3018802538507733,-0.6936584162845126,0
708,-1.0161250731779163,0.5923238413524455,0
709,-0.32411043432187425,0.3777260762863013,1
710,0.9542433569314941,-0.566930779719857,2
711,-0.8796766046165824,0.035648479868275955,0
712,-1.0026553629024781,1.4139367292386458,1
713,-0.2426851117818284,0.45418987341322625,1
714,-0.4069505572352504,-0.4692130586591509,0
715,1.1948913382773434,-0.7644789932255377,2
716,-0.8899551410476588,0.46828976317060944,0
717,1.1114400973289085,-0.5965019334853451,2
718,-0.6804731780288021,1.2391659185999007,1
719,-0.7599627649330344,1.1508480491962407,1
720,-0.7340966653459482,1.3565482723365825,1
721,1.5473898880293466,-1.2951626202326552,2
722,-0.6834797901376004,1.573151726053894,1
723,0.9117156670154067,-0.36371345620636775,2
724,1.2408160127578323,-0.8905168844027405,2
725,-0.8379262442651436,-0.04882036317866128,0
726,-1.0796644419053818,0.5563203386660873,0
727,-0.7334627918098562,0.09513426984428665,0
728,-0.43773500405024485,0.9704783565086652,1
729,-0.8603112228365575,0.6707891322232253,0
730,1.3847780398073308,-1.2124818862664088,2
731,-0.9895605822111543,0.1649123330037956,0
732,-0.4038827168158053,0.9538001787375833,1
733,-1.1944496135830664,0.7690153265797665,0
734,-0.07875370188539217,0.4171113274956024,1
735,-0.9660004666172404,0.5967173713024315,0
736,0.5672720452263209,0.10245698157898327,2
737,1.5478662736907987,-1.2379836624378013,2
738,-1.062706669193344,0.5205116846833305,0
739,1.6162757135970867,-1.4608636706966782,2
740,-0.4834989664759433,-0.3346976804396293,0
741,0.6813029975725422,-0.07461405908618045,2
742,-1.4682899279579016,2.706101503353288,1
743,-0.43129192367574926,0.7335878172811712,1
744,1.6487400954137903,-1.7409068191747954,2
745,-0.6408290781176782,0.9695440894342552,1
746,1.0773549470870902,-0.8928057757480378,2
747,-0.7464707757534903,-0.2773924894603197,0
748,-0.06326380099994196,0.5052670815246402,1
749,-0.30620003520592354,0.5703860803227532,1
750,-0.07043157227711391,0.1601099564816715,1
751,-0.36559534783348097,0.7906621631515958,1
752,-0.7276657037306246,-0.09003923347217249,0
753,1.056838794110366,-0.40634079978239385,2
754,1.5167541522437533,-1.4631897407078533,2
755,1.572829385146378,-1.3859560560203676,2
756,1.090249205732793,-0.5498034297734153,2
757,1.7253539926875754,-1.3547514596915715,2
758,1.0047981418134293,-0.5679402472613486,2
759,-1.3002950387848806,0.5455981899094033,0
760,-1.4395500915436017,2.6883860892344646,1
761,-0.5669950288101556,0.9905457857878227,1
762,-0.7659716160118651,-0.2685131738179153,0
763,1.5157702514083602,-1.3411915846370295,2
764,-0.15706922685011376,0.7317389204978285,1
765,-0.1951696141984594,0.16744556013397224,1
766,-1.1122835408785603,1.706587913128289,1
767,1.589341011588501,-1.1852238702003124,2
768,-0.8160916091236399,1.3389544090112417,1
769,-0.8728326960665268,0.21046426443293179,0
770,1.6118332050175224,-1.3570039251440942,2
771,1.5972306853812712,-1.463345710685116,2
772,-0.3609759441240901,0.7506390547805146,1
773,-0.6573930288035412,1.0597008224873596,1
774,1.7066593052799415,-1.2421745046609063,2
775,1.2512578296972294,-0.9016818609481654,2
776,-1.5858489397241045,1.1775096771682292,0
777,-0.5315349298653562,-0.09308633784990156,0
778,1.1733596678626677,-0.8702597234439906,2
779,1.8823342022345866,-1.6389848321936007,2
780,-0.9623903030899602,0.13991878204546224,0
781,-0.7874015658017222,1.4700101940135777,1
782,-0.5825547363405328,0.8911686082620036,1
783,-0.8630235086830746,1.3726214144329743,1
784,-0.44097608819434214,0.9382067617131175,1
785,-0.694249864190998,-0.3375306662076952,0
786,-0.8846440496867067,1.4994491476087468,1
787,1.4443448168226938,-1.2406134419783263,2
788,-1.2293403845214106,0.5357917955081368,0
789,-0.7646523063338507,-0.10410309265196051,0
790,0.14885074804878906,0.007384390079802712,1
791,1.813176275062666,-1.7694606863747322,2
792,-0.49708781904793164,-0.05409301068837722,0
793,-0.7452070826162047,0.935654258647342,1
794,-0.6231568227281837,0.8011036230815082,1
795,1.1819938898342972,-1.0747895065626887,2
796,-0.47732288513626203,0.8228576365644127,1
797,-0.9661857064217093,0.4728249733723731,0
798,-0.2984066632233893,0.9234272055244015,1
799,-0.42624520432910873,-0.2765514646700895,0
800,0.9484714546488402,-0.5959243734194614,2
801,1.1461994796699788,-0.752687565651398,2
802,-1.0779612060469552,1.912308072639683,1
803,-0.5318016072181593,0.7917979572398425,1
804,-0.8489463255594415,1.4077559171571583,1
805,-0.4230339018986916,0.6879585640815548,1
806,1.358412530148439,-0.8307713862288422,2
807,1.641897829473428,-1.7805808789667952,2
808,-0.674724454213768,1.327888674296389,1
809,-0.8450579182159502,0.26103915135595396,0
810,1.7575395704654817,-1.8951234585490786,2
811,1.2092314646690356,-0.9080024538969971,2
812,-0.3138092443454298,0.7540411761366763,1
813,1.6066371008353078,-1.3285072119073096,2
814,0.15521659560575354,-0.06557592217880152,1
815,-0.18808024363522746,-0.7790693843811539,0
816,-0.5061156507765995,0.7255384607284403,1
817,-1.1338891249774918,0.5139713161259865,0
818,-0.7151109372255245,1.2017836425294652,1
819,-0.9450973102334087,1.6748086331059797,1
820,-0.791446406123481,1.1785605855504404,1
821,-0.8646506937926964,1.379150843305293,1
822,1.1420184985681117,-1.1279165545482315,2
823,1.908100840369767,-1.79987085793544,2
824,1.7121108935800504,-1.512403198350124,2
825,-0.4350250066622183,0.7973263374144709,1
826,1.1205207622335633,-0.6635904519679287,2
827,1.4968169317866409,-1.371485023087124,2
828,-0.9852769057370501,0.6472894168806719,0
829,0.2615694325512169,-0.2840728768701973,1
830,-0.6872193506051558,-0.21518602942866374,0
831,1.1063600478165763,-0.6383693641695618,2
832,-0.6265335087790804,1.0874681734282459,1
833,-0.08851364360066342,0.22272279290600389,1
834,-0.2801791947570098,-0.7368488747013788,0
835,1.0129289359807514,-0.9652407075056259,2
836,1.1640363158548077,-0.6671504443613719,2
837,-0.8281657293019473,1.5089296208352134,1
838,1.9181170097922973,-2.1296355642773723,2
839,-0.8346591566055902,-0.2525306454961091,0
840,1.666837479942611,-1.6455283380442858,2
841,-0.32885682603440375,-0.5542840651665174,0
842,-0.7413530598657946,-0.0837035297323138,0
843,2.2131259619107997,-2.265266269029652,2
844,1.328491339925078,-1.2302166734139544,2
845,-0.9989712307768022,1.7543503857161045,1
846,-0.7535486860906886,1.4091059354897324,1
847,-0.4840232743312548,0.6866934286971412,1
848,-0.8909339509727635,0.23181816437841096,0
849,-1.163707117121805,0.23702213485526602,0
850,-0.38276825913381035,0.5333232235972184,1
851,-0.40300215256882227,0.8819724041883366,1
852,-0.5522098160201943,-0.2822134835273973,0
853,-0.2922951054973721,0.4351758712824346,1
854,1.1787307093068005,-1.025483399494742,2
855,0.6601722114438571,-0.012867230865905964,2
856,-0.8378616226987894,0.40276835216266194,0
857,-0.6352175608018725,1.193712042488151,1
858,-0.739929041794562,0.07251035942263188,0
859,-0.39623392635829136,-0.6820104664227783,0
860,-0.8888457173510171,0.4662867787998263,0
861,-0.4779673532687269,-0.5414627150200246,0
862,-0.6376595968540536,1.4180616950525764,1
863,-0.10090789296681739,-0.5628583187230596,0
864,-0.7366072108352204,-0.16846050496198475,0
865,1.1993415319068372,-0.8229728209257774,2
866,-0.5124988763067614,0.9444750146466209,1
867,-0.15718403717488974,-1.2040457878013424,0
868,-0.4346757313926025,1.1601653958494946,1
869,-0.7467649869325533,-0.1589440156431066,0
870,1.2342061181267638,-0.7585658417519223,2
871,-0.41272484729159364,-1.1555534478748053,0
872,-1.6677937996782632,1.350546298650027,0
873,0.993219145191641,-0.6412602392029427,2
874,1.8318035641143893,-1.5735388377271726,2
875,1.2492853521932097,-0.9803095486692407,2
876,1.692446403200731,-1.5666266933921664,2
877,-0.576070947387408,1.3257796660973098,1
878,1.5330003053305667,-1.6859881078119807,2
879,-0.9474180364097619,0.42170067157524915,0
880,-0.359542686735181,0.47466582358630516,1
881,-1.3492748029788442,1.1240571460275262,0
882,-0.1685137594921012,0.5365892887105294,1
883,1.5666906255093955,-1.196248777090672,2
884,-1.0567890090529684,0.4609769509779186,0
885,-0.9786508304734665,0.22511960514226712,0
886,-0.9593118409575466,0.8300350145351403,0
887,-0.8735316318700949,1.42814387138856,1
888,-0.43980863084079336,-0.8850729399880445,0
889,-0.1265388681901539,-0.8609177261632575,0
890,-0.7451250697286531,1.3695213337419783,1
891,-0.3657935961440141,0.9131142557947135,1
892,1.368862246511603,-1.084739979325474,2
893,1.4970423504213277,-1.1374135693300178,2
894,1.197051309597723,-0.6371836385737601,2
895,-0.3140134794739215,0.6715963784972568,1
896,-1.1681674598620526,1.0109945682067354,0
897,-0.5064550699437262,0.6205223182312567,1
898,-1.0209350725313902,1.8545722233403463,1
899,-0.5821522383074123,-0.2940397600178894,0
900,1.10458940377363,-0.9815183067071263,2
901,1.3381436792764527,-0.998611360170777,2
902,-0.8543020781239453,0.42430730261771893,0
903,-0.9036880214588441,1.609951393097549,1
904,-2.031392770795343,1.9947546160918908,0
905,0.8330673524433554,-0.10465557477937758,2
906,2.346044787841219,-2.7054573589500026,2
907,-0.5920194290436581,1.002453716347189,1
908,-0.3832603313152611,-0.6779729660506815,0
909,-0.6522000758524104,-0.2381889164519441,0
910,0.953083184889044,-0.2633698747720577,2
911,1.432440483377314,-1.1211593935984776,2
912,1.3194502534300208,-1.3644419127267629,2
913,1.0482533948893142,-0.7670373774701558,2
914,-1.4144481666541076,2.508011666070101,1
915,-1.0381085171962336,1.9925908256691394,1
916,1.0422471040373014,-0.4658059122822896,2
917,-0.2993212418148274,0.5721828323159024,1
918,1.078504524228587,-0.6194761456520205,2
919,-0.6484256808466536,1.2698273226516994,1
920,-0.6892131632753985,-0.007826235760156031,0
921,-0.3789027996739467,1.2288496645299833,1
922,1.5523139582954182,-1.508491491208666,2
923,-0.6780934608523534,1.2987545712841804,1
924,1.1183338851621076,-0.7725683945064185,2
925,-0.47565999484410276,0.8431859500926034,1
926,-0.7126612703566859,1.3511534727854635,1
927,-1.1340824883942482,0.3425245664346345,0
928,-1.361781786595105,0.6580254865886135,0
929,-0.8398216743187926,-0.08103899628547727,0
930,0.8839193362343732,-0.5974756855121148,2
931,-0.16023804923213975,0.6581779100443719,1
932,0.2361928476626225,-0.1551372931331873,1
933,1.685991257499207,-1.7023915775859544,2
934,-0.4215444846591802,-0.5794511990486002,0
935,1.0355902236306895,-0.4926823805817217,2
936,-0.3147409964380611,0.5204950394907677,1
937,-0.57273755126467,-0.48100948120578957,0
938,0.842851969051947,-0.3163645885325771,2
939,0.07106894521275883,0.15797531029950393,1
940,1.1805419471401017,-0.8005992863269127,2
941,-0.5795333745759217,-0.3378379288613695,0
942,-0.8612685045415861,0.16401484278070977,0
943,1.4000550642676788,-1.4089057819980146,2
944,-0.7916871837236659,-0.20325853718302397,0
945,-0.04347718955259277,0.1852573317569446,1
946,-0.0570619754070982,0.4543644483363469,1
947,-0.8775271271958165,1.8973413704160405,1
948,1.372091146506707,-1.197092872245607,2
949,1.0056593081194645,-0.14595255914832825,2
950,1.4947558790007922,-1.1605591594340179,2
951,1.1767267625587956,-0.8057535080361149,2
952,1.3957480928354251,-1.4211631622275638,2
953,1.8327609343945137,-1.7143548657299228,2
954,1.3779610731470455,-1.191531900834676,2
955,-0.9160474473793608,0.4305995373340341,0
956,-0.29699217829069324,-0.3863345592552996,0
957,-1.0187062758728083,0.4565297306527069,0
958,-1.2831044421415645,0.8216208305234787,0
959,-0.6307947411052519,-0.25984753636142055,0
960,1.18689653160377,-0.9935192140746829,2
961,0.9500426865127296,-0.47163582804926174,2
962,0.8367623215428686,-0.27558651933410194,2
963,1.2103781876233184,-1.0708015038763743,2
964,2.0269586600742113,-2.0057989994746017,2
965,-0.3074222862593464,0.8414944164692072,1
966,-0.809434879378426,-0.08977306080701226,0
967,-0.00844842089223718,-0.001407825356243579,1
968,0.2693810690022177,-0.06362525136484765,1
969,1.3428956132490293,-1.1922321840417893,2
970,-1.3184094234319328,0.7532200789360427,0
971,1.368806961655678,-1.440566989549694,2
972,-0.9516935545714107,0.5573597319755088,0
973,-0.94369265391124,0.301137427673986,0
974,-0.19706739378032823,0.3452359196332355,1
975,-0.6703456676743822,1.1592951183498692,1
976,-0.32298672295602304,-0.7955017539045168,0
977,1.589425540443879,-1.5265938638923464,2
978,-1.1115193557906018,0.41749893739879845,0
979,-0.8082066672791236,0.25259430002372824,0
980,-0.39897458520643647,0.9766146823588845,1
981,1.7078669064702474,-1.7734168674750028,2
982,-0.8604984767798023,0.061834968350576516,0
983,1.5924569754504694,-1.2224774400551548,2
984,-1.0666763387122866,1.633876510566442,1
985,-0.636366457110304,-0.4163039976307258,0
986,-1.5265063829000072,2.0362764204838926,1
987,-1.309034141680496,2.3645585241927147,1
988,-1.100179424900891,1.7706367757297712,1
989,1.6265869149587064,-1.3624939397498097,2
990,-1.2501918849544638,0.6238949615444974,0
991,1.7172880302115465,-1.3629207950499564,2
992,-0.3035636012534,-0.7686520563286053,0
993,-0.2608017349843889,-0.8489131323724005,0
994,-0.34825724510300843,0.6404149602614371,1
995,-0.19031503207716147,0.6252386387862247,1
996,1.1953411266431315,-0.6929286850914341,2
997,-0.7738397525151998,1.2686527396251654,1
998,0.8523754386998279,-0.019405584586152668,2
999,-0.5814796823143185,-0.8066286102356984,0
1000,-0.8576411873176876,0.21489012444305733,0
1001,1.3905841424020646,-0.9446998976269229,2
1002,-0.711348626997939,-0.03457490091426411,0
1003,1.5238702557988109,-1.4033390304430027,2
1004,-0.23142924010438878,0.20129474766912472,1
1005,1.650285358628447,-1.3834327455788946,2
1006,1.2375710220265268,-0.8820445550900621,2
1007,-1.0129291454960485,0.25113610715773355,0
1008,-0.5879286643369022,-0.21076426702526843,0
1009,2.098070958547011,-2.1750985359440858,2
1010,-0.18298784039106822,0.28530508903818513,1
1011,0.91393208351324,-0.03998640696128621,2
1012,1.0107140917425947,-0.3974491533440547,2
1013,1.1121636976167841,-0.6029414307444281,2
1014,-0.46913244669701987,1.0813591152123,1
1015,-0.59641370666477,1.5273996179475373,1
1016,-0.9342815374964125,1.5839891731077966,1
1017,-0.9410756473269081,0.23302381020020208,0
1018,1.2760847598819833,-0.9366403356956444,2
1019,1.068653651952528,-0.8668105625390106,2
1020,1.3866860029224932,-1.201011443102693,2
1021,-1.1599741804011499,0.8931556232963929,0
1022,0.006767163688833075,0.36785628668402415,1
1023,-0.29251405129083186,0.354121444760072,1
1024,-0.44679607263786214,1.1575236038272367,1
1025,1.3461028608720618,-1.2212431036333202,2
1026,-0.9561329768929525,1.4245073592516466,1
1027,-0.5228236209315689,0.9756264083323928,1
1028,-0.974742111001733,1.9906351234883148,1
1029,-1.0175179202366627,0.2680096549152969,0
1030,-1.4586038002092656,0.974218670344391,0
1031,-0.7845150424972969,1.1920711856080388,1
1032,-0.5396554835652546,1.0424665771012687,1
1033,-0.6008660469978881,-0.5230786771044028,0
1034,-0.3828043921635912,0.5135156890876037,1
1035,-0.6764751790027427,0.10250045541228617,0
1036,-1.5164227753230937,1.248545684767667,0
1037,-1.1099592172366208,1.5014161460510664,1
1038,-0.928590100592282,1.3826273170867003,1
1039,-1.5982007175500328,2.4926163830249544,1
1040,1.5849309731574694,-1.3136692194671897,2
1041,-0.5896627564281433,1.3054860978165495,1
1042,-0.9007200446026655,0.16908611121956738,0
1043,-0.35396519350444056,0.7502376432809219,1
1044,-0.9192785119983596,0.35600268749511127,0
1045,-0.48522728915739605,-0.3474367477812376,0
1046,0.741961426159956,0.10334892081042805,2
1047,-0.855641913250009,-0.09347306762858662,0
1048,-0.7055110847733187,-0.10296638742801206,0
1049,-0.5125576093992549,1.1109396862204493,1
1050,1.0567121052099442,-0.6810634799029494,2
1051,1.8439131013129129,-1.9508934738863113,2
1052,1.6433962180206336,-1.823679387804098,2
1053,-0.8566301563990479,0.33329863298711476,0
1054,-0.7636104227187596,1.4956267853110778,1
1055,1.5122547369219241,-1.5247155469059472,2
1056,-0.6391039091325179,1.1378260321616271,1
1057,0.035228481621036506,0.2663329239911318,1
1058,-0.8457096218557978,0.17896740136457132,0
1059,-0.49396904182464024,-0.4012490489372594,0
1060,1.6033104534783698,-1.5810173909612706,2
1061,-0.03142903487359734,-0.9868082924402368,0
1062,1.4432177884596207,-0.9580660699607083,2
1063,-1.0198644260201717,0.34287012005254147,0
1064,-0.12097398203855439,-0.8496717167577005,0
1065,0.33252313439491615,-0.07661004771272285,1
1066,1.4283258569966406,-1.1250511826632839,2
1067,-0.19053990337499402,0.6081400317251845,1
1068,-0.7476831189828096,-0.19262238185587963,0
1069,-0.5710329860374498,0.913472892286169,1
1070,1.1264923303157077,-0.7906198883857394,2
1071,1.4844062544112642,-1.5538291364905243,2
1072,1.271181733505952,-1.0356822450272893,2
1073,-0.1401774038553191,0.47681811810367664,1
1074,-0.47490176482677066,1.0245162004145707,1
1075,1.7091958818628719,-1.8062259055859033,2
1076,-0.058430706071581136,-0.7743855154840066,0
1077,-0.4763820928828075,0.770346190047666,1
1078,-0.6420993316069173,-0.189079622179562,0
1079,1.3715474711310114,-1.1316350782563096,2
1080,-0.9176517210142704,0.41483847896525694,0
1081,-0.4719670065077012,1.0313151571553,1
1082,-0.532726850690432,0.9426866240805029,1
1083,-0.8669131294292699,0.16105192119428283,0
1084,-0.5600537254025091,1.0163188634363463,1
1085,-0.6854943195863956,-0.11486353878934827,0
1086,-0.038765764859344826,0.11053315782938897,1
1087,0.9150027965904937,-0.2420625638386892,2
1088,-0.25284671357699806,0.6351245196592198,1
1089,1.6990858380570686,-1.5931368433604487,2
1090,-0.5580730887439271,0.8583350648829652,1
1091,1.6444042764459992,-1.3235754281226413,2
1092,-1.1622633510602147,0.7324029963242935,0
1093,-0.5921543970832198,1.0704169127605783,1
1094,-0.32079327224299,0.8226276243594643,1
1095,-0.8181885720769208,1.2177316663405338,1
1096,-0.9615959402185557,-0.030992591727843657,0
1097,0.9489518973635335,-0.46771034342485956,2
1098,1.213782767365669,-0.9115639706502662,2
1099,0.0007054977935873986,0.08114482067301214,1
1100,-1.5312120060701309,1.2611189296300949,0
1101,1.5506306803149685,-1.333569539856634,2
1102,-0.4596663497469356,0.9658155166034803,1
1103,-1.5939116096348003,1.3108662924271453,0
1104,1.528906286859883,-1.5357905608824185,2
1105,-0.915136389471109,0.2293607019525585,0
1106,1.469715290237959,-1.2928053380469693,2
1107,-0.07540290295132496,0.2959322029113327,1
1108,1.1250441750913398,-0.5634732328257445,2
1109,1.0821812207695891,-0.3135495959482561,2
1110,-0.26482727767277514,0.661685718828299,1
1111,0.5092619239187227,0.1997193143379093,2
1112,1.3499657049159086,-0.870708629951328,2
1113,-0.11847928805561318,0.3283987011857439,1
1114,1.8430313044262174,-1.8535578161525192,2
1115,-1.1144355391462586,0.714170516635476,0
1116,-1.1099582979252556,0.6594656071533462,0
1117,1.5405379879417518,-1.30604693639696,2
1118,1.1258779281915732,-0.8368519437355654,2
1119,0.9083148642523547,-0.6006532629895216,2
1120,-0.13923734822047307,0.49455416847338585,1
1121,-1.5467341704434692,1.0597973564723682,0
1122,1.5222130996479686,-1.23089419793851,2
1123,-1.1887824204802901,1.4476552839772174,1
1124,0.656386071847849,-0.48750942990697277,2
1125,-1.1690080905425868,0.5361010768339286,0
1126,-0.4692888759261994,0.8456161995780253,1
1127,1.3205188279544546,-1.0606320559207791,2
1128,1.9041109414237292,-1.9422452644890709,2
1129,-1.376029239358094,1.1474906760093897,0
1130,-0.18630935379117095,0.4862747210807127,1
1131,-1.5182715810979794,1.1236420645592742,0
1132,-0.25843782057851694,0.5428459673582194,1
1133,-0.8735802767634521,1.3525399202522705,1
1134,-0.2968936983049395,-0.3319687128002687,0
1135,-0.6030074562869977,1.2623932209725666,1
1136,1.6444520853103883,-1.3879074301248355,2
1137,-1.3688923742489034,0.7683336670283513,0
1138,-0.8366941300260377,0.2650337453679679,0
1139,1.0578282820562417,-0.8392757438959103,2
1140,1.28535402549197,-1.5811701157190519,2
1141,1.1885590291003574,-0.9354116769186505,2
1142,0.5448145602254099,0.055285739029249895,2
1143,-0.905246069509619,0.4608311542423959,0
1144,-0.5737899917866807,-0.09907088987834914,0
1145,-0.7580912107412285,-0.036142662802197724,0
1146,1.0579756233216653,-0.4567262638093183,2
1147,-0.2362168706830224,0.4636257434551341,1
1148,-0.9635764652468667,0.2950377737806423,0
1149,-1.1034980342666305,0.689258870885596,0
1150,0.8728786768984331,-0.5846628240421529,2
1151,-0.8251675350574134,1.2207103883198434,1
1152,0.5475688454901474,0.2890550895123094,2
1153,-0.8606545637295154,0.08036850779071184,0
1154,-1.2146782462864318,0.5100622043357154,0
1155,-0.18702342854895532,-0.7587715668308455,0
1156,1.5671093232074151,-1.2392994537752182,2
1157,-0.46011226090085255,-0.16370863822604054,0
1158,-0.8531134219590698,1.2521931021682677,1
1159,-1.6140762277566454,1.2591621468324299,0
1160,-0.27684260145195577,-0.983064633180871,0
1161,-0.42423221333499234,-0.27300387051813024,0
1162,-0.8027361153257125,-0.04894159977571091,0
1163,-0.38746260363233703,0.44897794038254996,1
1164,-0.5822224572285685,0.9442447525129527,1
1165,1.6417779737044127,-1.539638257528744,2
1166,0.916714802809931,-0.4579076379688094,2
1167,-1.2844796601757307,0.9915927015956486,0
1168,-0.7282975328625176,0.03214099500814893,0
1169,-0.4445354780477652,0.688952238855821,1
1170,1.1975404836558157,-1.4253699937565008,2
1171,-0.6275584069205528,-0.36198968185585434,0
1172,-0.7079357393911173,1.1543098907393747,1
1173,1.3036026412283812,-1.0214478523736223,2
1174,-0.8858695826121009,0.004867523712624663,0
1175,1.7572395106745275,-1.564124761783744,2
1176,-0.8565523792935524,0.9263147010150812,1
1177,-0.5329895949437691,-0.13835759106643145,0
1178,-0.3691636725440811,0.5279517507204438,1
1179,-0.5253257012971485,0.6160479830809101,1
1180,-0.6605806005772707,-0.016059297363529394,0
1181,0.8480104006390631,-0.4004026711970042,2
1182,-1.0316680414465467,1.8992112965753463,1
1183,0.7898361691132252,-0.057058319689025805,2
1184,-0.5508031155598199,0.07222456721451431,0
1185,0.04845875554352383,0.3506126542107394,1
1186,1.411601364072921,-1.0431250018161702,2
1187,0.8796473930400183,-0.33867546760067485,2
1188,1.1284524452210114,-0.8294891203900626,2
1189,-0.87343590165258,1.4475758498867748,1
1190,-0.6101353175563425,1.0631249456745044,1
1191,-0.8198556756546157,1.3768902245241077,1
1192,0.6662881013954653,-0.24936182317391764,2
1193,-0.4571914681256056,-0.4950984012424422,0
1194,-0.5070383420345386,0.8195714221540874,1
1195,-0.4675501461033894,0.9519766499445937,1
1196,-0.7825558725058255,0.10855510760719915,0
1197,-1.1036586067728227,0.2802991833559145,0
1198,-0.952230980504059,1.6046055542455142,1
1199,-0.6498633350682526,1.3511760883735913,1
1200,-0.7420537541372594,1.195812938058558,1
1201,-0.7859513326605977,1.6378542240562075,1
1202,-0.45592176921699684,-0.19223661780270088,0
1203,1.5776756965439493,-1.7519597047739544,2
1204,-0.07147752788680516,0.21671839075698063,1
1205,0.061470806540389174,0.2797398233594613,1
1206,1.3359039671609871,-1.0798666329280162,2
1207,-1.0599364929362423,1.6945342607619127,1
1208,-0.4920933010197345,1.052414103665236,1
1209,1.394668534888384,-0.8616894822309367,2
1210,-1.080242472044115,0.4915392770788824,0
1211,-0.9275687065656705,0.21446683524719792,0
1212,-0.9755431694748408,0.4725833287459192,0
1213,1.675596629253994,-1.458082976674004,2
1214,-0.47336493675032426,-0.3414690591772346,0
1215,-0.40125147965972097,-0.5159229285372041,0
1216,1.682339147682138,-1.5631620350794853,2
1217,-0.7003073001208721,1.022088754743812,1
1218,-0.8276004146097934,0.25255264161934504,0
1219,-0.6297162231616819,-0.33966868253526555,0
1220,-0.747138892536846,1.162787843431259,1
1221,0.9741657702349609,-0.047181665958958945,2
1222,-1.2371678157687755,0.7686071587263925,0
1223,1.814316852065174,-1.641127441132314,2
1224,1.0721012450469387,-0.6804717117822393,2
1225,1.3728411352347594,-1.1440824599638417,2
1226,-0.6627594304693579,1.0371550962730276,1
1227,-0.4548552675741128,-0.48118014121058944,0
1228,1.110802463211794,-0.4684664649159763,2
1229,-0.21779812062249793,-0.9804576442389594,0
1230,-0.43391643225788074,0.8811948843885745,1
1231,1.6651494572347663,-1.5573500900942345,2
1232,-0.05711943636873215,-1.0782401511313713,0
1233,-0.29614171114320714,0.6911037126307288,1
1234,-0.30176027315912796,0.4913202947541566,1
1235,-0.6874831108720131,-0.34641369979323444,0
1236,-0.6203080230991812,-0.26601603166608223,0
1237,1.3666967784436739,-1.0994153699842097,2
1238,0.8640954058604893,-0.2713992451656855,2
1239,-0.96217935409258,0.23746716083943684,0
1240,0.8389014539541342,-0.5104577768944385,2
1241,-0.7238773540583913,1.3605094246580616,1
1242,-0.5383080248768877,-0.38174924919947284,0
1243,-1.012582217017665,0.3573305072399118,0
1244,-0.4681771011955151,1.07074086122964,1
1245,-1.1416560681071624,0.4955597473880129,0
1246,1.0263103170746455,-0.5731317173632994,2
1247,-0.49617938833373637,1.1333966713243033,1
1248,0.8933016620329287,-0.19168683028786018,2
1249,1.0489258185308374,-0.6623390912388412,2
1250,0.9081890300125518,-0.45764225221747196,2
1251,-1.0404088331828898,1.6616038467168868,1
1252,1.475832872059845,-1.167948657380189,2
1253,-0.22196010231798577,-0.9004228778060247,0
1254,-0.6704572211621092,1.1335155023188495,1
1255,-0.633601680622921,-0.21678633548558043,0
1256,1.5205678187295857,-1.3973642345306576,2
1257,-0.5029764694238555,-0.05040781138706959,0
1258,-1.2409936245850341,0.6189821899404754,0
1259,-0.33812343578075854,0.5958156294214997,1
1260,1.1162322723998268,-0.8740764027152994,2
1261,-0.9482664964271692,1.4612205269622622,1
1262,-0.9176903283249167,0.3086882846740993,0
1263,-0.6152433824556052,1.1993502114793575,1
1264,-0.7298858813918851,1.3651929885142748,1
1265,1.46027670961058,-1.3353423589474684,2
1266,-1.0187805311988525,0.4405472079721944,0
1267,-1.106754932222808,0.4497771270101956,0
1268,1.8603086154065342,-2.1530829491135757,2
1269,-0.6049220198352219,0.9390112259971148,1
1270,-0.8912371016859807,1.575771539040115,1
1271,-0.582300999642269,0.6961801567089303,1
1272,-0.286048477803394,0.7453950690171086,1
1273,-0.9064795169036934,0.258161865741593,0
1274,-1.105562609528491,1.9774410098885262,1
1275,-0.6621853345702619,0.07321391930964385,0
1276,-0.46851584287447484,-0.17659575271724895,0
1277,1.301625871154906,-1.1603354448384693,2
1278,0.9044630713952779,-0.6003240155095797,2
1279,1.0636270423846148,-0.44428840665197356,2
1280,-0.5848502195699019,1.0161762014270963,1
1281,-0.35271383801296446,-0.6195500445567164,0
1282,-0.29853183331817906,0.680718447152992,1
1283,-0.545383836786557,1.0296336095687924,1
1284,-0.41190773506011236,-0.991974128166636,0
1285,1.110138806219614,-0.18121644595629952,2
1286,-0.7199501935193164,1.3913284237080308,1
1287,-1.1416652515432981,0.7401006944706217,0
1288,-0.15457014753354134,-1.022237651874716,0
1289,-0.9345807151432968,-0.040482666894750025,0
1290,-0.37517691538628567,0.5275749615540123,1
1291,-0.8954098691385189,1.4872294368888617,1
1292,-0.5922396204243328,0.9995890162892167,1
1293,1.5286240854805362,-1.345192671270097,2
1294,0.16577077623507872,-0.06910934923469633,1
1295,-0.6468807146768148,1.3195703285443288,1
1296,0.9959224562067837,-0.49121366000367417,2
1297,1.2393241970474131,-0.45154915849908894,2
1298,-0.6764969816385769,-0.29030137414742907,0
1299,1.1425800208099608,-1.2487223696805978,2
1300,-0.3975205603670457,-0.27899693737217907,0
1301,-0.6025448112980057,0.9463999008864635,1
1302,-0.6277224896641107,-0.06132611300944545,0
1303,1.4234249902835632,-1.1733232647780127,2
1304,-0.7239659479946261,0.11475158011335496,0
1305,-0.7452973361655831,-0.07508959784776313,0
1306,-0.9602275409351801,-0.02930823880643993,0
1307,1.265195305100277,-0.9649865888456942,2
1308,1.2572866545916153,-1.0327139363752498,2
1309,-0.267073895090165,0.6224559688619007,1
1310,0.9455521878838709,-0.5277531979150221,2
1311,-0.9626256325531105,0.2452756783695136,0
1312,-0.6126038777298277,-0.4107341536992696,0
1313,1.330049511879293,-1.3036976354786032,2
1314,-1.025882705677641,0.16817863385246787,0
1315,1.1369499709149777,-0.6576560432786368,2
1316,-1.0357978066403657,2.0891346467078886,1
1317,1.7885354173013739,-1.9668841062946232,2
1318,1.2722970157767701,-0.7671888474898513,2
1319,-0.42760589045181996,0.9631010044752668,1
1320,-0.7454347460466745,1.1022112694473074,1
1321,1.1796161112327967,-0.6207431696867529,2
1322,-0.7349360057857743,-0.0012568681077872962,0
1323,-0.9735451548113329,1.6688966360014579,1
1324,-0.9680228447178119,0.40256752745930996,0
1325,-1.4091706854001909,1.169735377727091,0
1326,-0.1717690203881556,0.8442878848396544,1
1327,-0.24457187696707655,0.4416717530276813,1
1328,-0.3703193921389122,-0.48975971490906334,0
1329,-0.10419583220586565,0.3381561692293355,1
1330,-0.6683011060978656,1.102537972956285,1
1331,-0.531475825331437,0.909470429627695,1
1332,-0.7926162322871675,-0.13910687110654496,0
1333,-0.14501880650806992,-0.9532476897391778,0
1334,-0.4605629031927976,1.0469180494306543,1
1335,1.2611356755402297,-0.66297394216779,2
1336,-0.5972201106667812,1.2703591234589713,1
1337,-0.4554710767787674,0.7547748063543128,1
1338,-0.29504482646456653,0.6929280989981569,1
1339,-0.7029807672927824,1.2499935590962488,1
1340,-0.42114407395911746,0.6508196101954011,1
1341,-0.623792598743589,-0.2890293053777701,0
1342,-0.8515270379961397,1.3339193044988091,1
1343,-1.3349041285416274,1.0048926467106627,0
1344,-0.8973083056317213,0.17469068370488244,0
1345,1.2475769790622087,-0.7085964239588107,2
1346,1.0897515021442026,-0.5362394864085964,2
1347,0.006099858796874026,0.35201438663546714,1
1348,-0.8720057316593602,0.32065984274963455,0
1349,-1.090261873894943,1.8572742012947836,1
1350,-1.3583198319716119,0.7208603988812073,0
1351,-0.4431307510821376,-0.4069025147398189,0
1352,1.8373235886599877,-1.90933335050399,2
1353,-0.696586647017246,-0.16413948659405891,0
1354,-0.1470947507243274,-0.9755112514022242,0
1355,1.2072539475402382,-1.222629622368802,2
1356,1.2932335908344028,-0.9930044974058141,2
1357,-0.9214838262454162,-0.07498134523568496,0
1358,1.2656604000926457,-0.9384447276297275,2
1359,-0.8056088738600691,1.385619741940748,1
1360,1.1980661157948138,-1.0867440356796945,2
1361,-0.7647810859700093,-0.2128749255502673,0
1362,-0.495046866298642,-0.825402279840992,0
1363,-0.10079612838318185,0.39879453690023636,1
1364,1.7717449452927256,-1.38891073266026,2
1365,1.4448424834758022,-1.2825087474708161,2
1366,-0.390402027562677,1.046765228213007,1
1367,1.1424443637822337,-0.8235105505975765,2
1368,1.6707854558278297,-1.652018983218516,2
1369,-0.4366020355061384,-0.2953984988321179,0
1370,1.323709287911266,-1.0028699568925248,2
1371,-0.586124105464994,1.1129536509985238,1
1372,2.194390294876243,-2.3128031028863445,2
1373,-1.0761223327421403,0.8217335449064199,0
1374,1.2326879656920295,-0.8165880210331077,2
1375,1.3748621468348756,-1.1648004768507834,2
1376,1.372486496202246,-0.9655734248974485,2
1377,-0.4580253838061238,-0.5153401664506184,0
1378,-0.38087550131926234,-0.3965888896007356,0
1379,-0.7018201816335169,-0.22347880979685314,0
1380,-0.22389480469405637,-1.1076504774029563,0
1381,-0.02692984178397531,0.2073682835468001,1
1382,-0.5472843248542245,-0.4143630487288903,0
1383,-0.17237461326653958,0.7025801832631153,1
1384,-1.0792485034721522,1.700709821090066,1
1385,-0.4149194937526926,-0.25479676382009586,0
1386,-0.43953410649848645,-0.5289803431295645,0
1387,1.337081137691562,-1.0048484764985228,2
1388,0.8571947836774328,-0.44207564286511414,2
1389,2.8972697213824365,-3.332716946566684,2
1390,-0.4529656219103126,0.8067276761858271,1
1391,-0.8117031017232612,1.3624563812612058,1
1392,-0.047620295849674046,0.26244636857053416,1
1393,-0.9652141835936613,0.11214027055747557,0
1394,1.2675913268228038,-1.0926371125696457,2
1395,1.6648787413728239,-1.5293571151741803,2
1396,1.6426858862317588,-1.435513230016575,2
1397,-0.39469598205121464,0.678756212063943,1
1398,1.3429976111957074,-1.257915234505681,2
1399,-0.10390298825216687,0.3736303775792857,1
1400,-0.7017089895661341,0.027597827556204595,0
1401,-0.10576101761532766,0.3565078010761629,1
1402,1.1303130172748053,-0.8857941634348426,2
1403,-0.9522886440641444,0.18090207973044026,0
1404,1.2792213013618112,-0.9056690312752027,2
1405,1.867290416203718,-1.6454870413834708,2
1406,-0.4611129394300022,-0.4338650465541891,0
1407,1.428171162523179,-1.1453896469782647,2
1408,-1.339815296330468,0.8092594625024753,0
1409,-0.211352309361116,0.47654365356322537,1
1410,-0.71783532279139,1.2107645822800999,1
1411,0.012303192558803598,0.22355137144538134,1
1412,1.8380024077160413,-1.6552445228050368,2
1413,2.3729994543747717,-2.383026515150681,2
1414,1.1740226160056586,-0.8228766111839992,2
1415,-0.7558679146893108,0.11317288584495248,0
1416,1.7825056803800456,-1.724584253116899,2
1417,0.8929721524876127,-0.21746098089306445,2
1418,1.0434158897210402,-0.24121400340182822,2
1419,-0.5645498655260859,1.0424999723409636,1
1420,-0.41856850807192153,-0.3483817269488638,0
1421,-1.3277971046211223,1.0039893779835793,0
1422,-0.9971974003931354,0.3507795664761163,0
1423,1.290179587874618,-0.9745280696510951,2
1424,-0.3510970715812807,0.7525127062440552,1
1425,0.8576128697127516,-0.40129146172890895,2
1426,-0.8110550511356643,0.00104175723692134,0
1427,-0.20983904491407787,0.7824139175949766,1
1428,-0.23076667720265556,0.48465684422274274,1
1429,1.5337344405839002,-1.117063138028245,2
1430,1.457498028788815,-0.9259791871389692,2
1431,-0.27862196305623876,-0.24272828749009986,0
1432,1.7845367815470308,-1.4033698423963459,2
1433,-0.8926367706110666,-0.026259977353178653,0
1434,-0.6162368098821259,-0.2399558053889136,0
1435,0.9954083246370128,-0.5810637734758034,2
1436,1.4192531303699627,-1.3041589530346,2
1437,0.530769351935614,0.1468551565295748,2
1438,-0.5359532798757626,1.2653632488114925,1
1439,1.3913288835257684,-1.231706044850425,2
1440,-0.961076113423446,1.8650140694059378,1
1441,-0.9823290972643758,1.3247993355668268,1
1442,-0.5057358073177225,1.1752437605528219,1
1443,-0.8296916013161596,0.3412176828122191,0
1444,1.4678289767629509,-1.2856352134715856,2
1445,1.2324036154627327,-0.9684014749748171,2
1446,-0.8406146463290427,0.23571623738919206,0
1447,0.032660270741110255,-1.2562220055877473,0
1448,-0.3858334972379586,0.9082079729586715,1
1449,-0.5117228279453769,-0.6265507373292376,0
1450,-0.5201758576081751,-0.47871554853135423,0
1451,-0.3031743274668416,-0.734188636445675,0
1452,0.7920545141465746,-0.5792922200933746,2
1453,-0.8481585662518422,0.17370194830916347,0
1454,0.012697372339075917,-1.2877557105415562,0
1455,1.2277152977461279,-0.6002048407677274,2
1456,-0.014704592429059042,0.5165109756764451,1
1457,-1.2123585053678663,0.4898217772714664,0
1458,-0.33963647192054186,0.928174925515202,1
1459,-0.5458083263670499,-0.6325253807885847,0
1460,-0.5560692431948209,0.8311438406635377,1
1461,-1.1271618129163985,1.9435708940413465,1
1462,-0.5063811811009195,-0.259177088969268,0
1463,-0.3488691470375294,0.7206934789926068,1
1464,-0.5992151380510142,1.1932831388514482,1
1465,-0.30222770399374205,0.6421318467245352,1
1466,-0.6856772317238856,0.2498482093080827,0
1467,-1.1710355685990452,1.7867150209955864,1
1468,-1.3272044115437593,1.939797186672086,1
1469,-1.507608127729616,1.0901015229460311,0
1470,-0.04494488660120652,0.3331815461131267,1
1471,0.9922347855198032,-0.4944010671702175,2
1472,-0.595365609232165,1.1726553133992168,1
1473,1.6288092654014374,-1.0603368225920164,2
1474,-0.42673080605282243,-0.2542687279163446,0
1475,1.1561808553464619,-1.0339053995859786,2
1476,1.1236085150887578,-0.8083011232540881,2
1477,1.0149180026862827,-0.417082365509221,2
1478,-0.6758516535187837,0.06832644196443763,0
1479,-0.5302819617491472,0.9400993777156297,1
1480,1.5414693431832458,-1.7975746057713526,2
1481,-1.032539720488742,0.1655287102435516,0
1482,-1.0640999238830222,0.644341995746751,0
1483,1.1863293858326778,-0.6488671587960236,2
1484,-0.5936358596541698,1.200377803056884,1
1485,1.288708477138668,-1.1940729655472726,2
1486,0.6630598517627619,-0.4466465986013971,2
1487,1.5887119019012468,-1.5137618787831817,2
1488,0.926599386363053,-0.23821082498445106,2
1489,-0.9287147052150743,0.1484162428510608,0
1490,-0.5620445619511167,1.0417437067468,1
1491,-1.0132048040688753,1.8776537184303215,1
1492,0.915782336817961,-0.15874963821585425,2
1493,-1.2038868905640514,0.6109698034862172,0
1494,1.5372418119493787,-1.3737741781591077,2
1495,-0.391306785933038,-0.7046086966081649,0
1496,-0.5876367394401518,1.2687645251131376,1
1497,1.4140055182429312,-1.4325239813697581,2
1498,0.5742374441901196,-0.10773900973236492,2
1499,1.389604059367243,-1.1975907772006114,2
